<NFe><infNFe Id="NFe32241014170180000164650010002381079003545681" versao="4.00"><ide><cUF>32</cUF><cNF>00354568</cNF><natOp>VENDA</natOp><mod>65</mod><serie>1</serie><nNF>238107</nNF><dhEmi>2024-10-08T17:04:00-03:00</dhEmi><tpNF>1</tpNF><idDest>1</idDest><cMunFG>3205309</cMunFG><tpImp>4</tpImp><tpEmis>9</tpEmis><cDV>1</cDV><tpAmb>1</tpAmb><finNFe>1</finNFe><indFinal>1</indFinal><indPres>1</indPres><indIntermed>0</indIntermed><procEmi>0</procEmi><verProc>11.0.0_1</verProc><dhCont>2024-10-08T17:04:00-03:00</dhCont><xJust>falta de conexao com os servicos da sefaz</xJust></ide><emit><CNPJ>14170180000164</CNPJ><xNome>REAL GOURMET COMERCIO DE ALIMENTOS LTDA</xNome><xFant>CONFEIPAN MATRIZ</xFant><enderEmit><xLgr>RUA  ALMIRANTE TAMANDARE</xLgr><nro>290</nro><xBairro>PRAIA DO SUA</xBairro><cMun>3205309</cMun><xMun>VITORIA</xMun><UF>ES</UF><CEP>29052190</CEP></enderEmit><IE>082821585</IE><CRT>3</CRT></emit><det nItem="1"><prod><cProd>984</cProd><cEAN>7896110083254</cEAN><xProd>GUARDANAPO 24X22 C50UND</xProd><NCM>48183000</NCM><cBenef>ES200008</cBenef><CFOP>5102</CFOP><uCom>Un</uCom><qCom>5.0000</qCom><vUnCom>1.990</vUnCom><vProd>9.95</vProd><cEANTrib>7896110083254</cEANTrib><uTrib>UN</uTrib><qTrib>5.0000</qTrib><vUnTrib>1.990</vUnTrib><indTot>1</indTot></prod><imposto><vTotTrib>0.00</vTotTrib><ICMS><ICMS00><orig>0</orig><CST>00</CST><modBC>3</modBC><vBC>9.95</vBC><pICMS>17.00</pICMS><vICMS>1.69</vICMS></ICMS00></ICMS></imposto></det><total><ICMSTot><vBC>9.95</vBC><vICMS>1.69</vICMS><vICMSDeson>0.01</vICMSDeson><vFCP>0.00</vFCP><vBCST>0</vBCST><vST>0</vST><vFCPST>0</vFCPST><vFCPSTRet>0</vFCPSTRet><vProd>9.95</vProd><vFrete>0.00</vFrete><vSeg>0</vSeg><vDesc>0.00</vDesc><vII>0</vII><vIPI>0</vIPI><vIPIDevol>0</vIPIDevol><vPIS>0.00</vPIS><vCOFINS>0.00</vCOFINS><vOutro>0.00</vOutro><vNF>9.95</vNF><vTotTrib>0.00</vTotTrib></ICMSTot></total><transp><modFrete>9</modFrete></transp><pag><detPag><indPag>0</indPag><tPag>01</tPag><vPag>9.95</vPag></detPag></pag><infAdic><infCpl><![CDATA[08/10/24 17:04 - RV: 354568 - PDV: 101 - OPR: FILIPHE LOUREIRO DE JESUS |Valor Recebimento: R$10.00 |Valor do Troco: R$0.05]]></infCpl></infAdic><infRespTec><CNPJ>05800348000187</CNPJ><xContato>RAFAEL URBANO</xContato><email>rafael@linearsistemas.com.br</email><fone>3125113131</fone></infRespTec></infNFe></NFe>