<NFe><infNFe Id="NFe32241032183983000135650040000795659001362610" versao="4.00"><ide><cUF>32</cUF><cNF>00136261</cNF><natOp>VENDA</natOp><mod>65</mod><serie>4</serie><nNF>79565</nNF><dhEmi>2024-10-01T17:00:01-03:00</dhEmi><tpNF>1</tpNF><idDest>1</idDest><cMunFG>3205200</cMunFG><tpImp>4</tpImp><tpEmis>9</tpEmis><cDV>0</cDV><tpAmb>1</tpAmb><finNFe>1</finNFe><indFinal>1</indFinal><indPres>1</indPres><indIntermed>0</indIntermed><procEmi>0</procEmi><verProc>11.0.0_1</verProc><dhCont>2024-10-01T17:00:01-03:00</dhCont><xJust>falta de conexao com os servicos da sefaz</xJust></ide><emit><CNPJ>32183983000135</CNPJ><xNome>CENTRAL VILA VELHA COMERCIAL DE ALIMENTOS EIRELI</xNome><xFant>CONFEIPAN VILA VELHA</xFant><enderEmit><xLgr>RUA LUCIANO DAS NEVES</xLgr><nro>1111</nro><xBairro>CENTRO</xBairro><cMun>3205200</cMun><xMun>VILA VELHA</xMun><UF>ES</UF><CEP>29100201</CEP></enderEmit><IE>083526897</IE><CRT>3</CRT></emit><det nItem="1"><prod><cProd>13107</cProd><cEAN>7896725306595</cEAN><xProd>PENEIRA GRANDE</xProd><NCM>39241000</NCM><cBenef>ES200008</cBenef><CFOP>5102</CFOP><uCom>Un</uCom><qCom>1.0000</qCom><vUnCom>7.800</vUnCom><vProd>7.80</vProd><cEANTrib>7896725306595</cEANTrib><uTrib>UN</uTrib><qTrib>1.0000</qTrib><vUnTrib>7.800</vUnTrib><indTot>1</indTot></prod><imposto><vTotTrib>0.00</vTotTrib><ICMS><ICMS00><orig>0</orig><CST>00</CST><modBC>3</modBC><vBC>7.80</vBC><pICMS>17.00</pICMS><vICMS>1.33</vICMS></ICMS00></ICMS></imposto></det><total><ICMSTot><vBC>7.80</vBC><vICMS>1.33</vICMS><vICMSDeson>0.01</vICMSDeson><vFCP>0.00</vFCP><vBCST>0</vBCST><vST>0</vST><vFCPST>0</vFCPST><vFCPSTRet>0</vFCPSTRet><vProd>7.80</vProd><vFrete>0.00</vFrete><vSeg>0</vSeg><vDesc>0.00</vDesc><vII>0</vII><vIPI>0</vIPI><vIPIDevol>0</vIPIDevol><vPIS>0.00</vPIS><vCOFINS>0.00</vCOFINS><vOutro>0.00</vOutro><vNF>7.80</vNF><vTotTrib>0.00</vTotTrib></ICMSTot></total><transp><modFrete>9</modFrete></transp><pag><detPag><indPag>0</indPag><tPag>01</tPag><vPag>7.80</vPag></detPag></pag><infAdic><infCpl><![CDATA[01/10/24 17:00 - RV: 136261 - PDV: 104 - OPR: ANA BEATRIZ SOARES |Valor Recebimento: R$9.00 |Valor do Troco: R$1.20]]></infCpl></infAdic><infRespTec><CNPJ>05800348000187</CNPJ><xContato>RAFAEL URBANO</xContato><email>rafael@linearsistemas.com.br</email><fone>3125113131</fone></infRespTec></infNFe></NFe>