<NFe><infNFe Id="NFe32241005084177000137650020002174629003120053" versao="4.00"><ide><cUF>32</cUF><cNF>00312005</cNF><natOp>VENDA</natOp><mod>65</mod><serie>2</serie><nNF>217462</nNF><dhEmi>2024-10-08T17:02:49-03:00</dhEmi><tpNF>1</tpNF><idDest>1</idDest><cMunFG>3201308</cMunFG><tpImp>4</tpImp><tpEmis>9</tpEmis><cDV>3</cDV><tpAmb>1</tpAmb><finNFe>1</finNFe><indFinal>1</indFinal><indPres>1</indPres><indIntermed>0</indIntermed><procEmi>0</procEmi><verProc>11.0.0_1</verProc><dhCont>2024-10-08T17:02:49-03:00</dhCont><xJust>falta de conexao com os servicos da sefaz</xJust></ide><emit><CNPJ>05084177000137</CNPJ><xNome>CONFEIPAN COMERCIAL DE ALIMENTOS EIRELI</xNome><xFant>CONFEIPAN CARIACICA</xFant><enderEmit><xLgr>AVE MARIO GURGEL</xLgr><nro>1003</nro><xBairro>JARDIM AMERICA</xBairro><cMun>3201308</cMun><xMun>CARIACICA</xMun><UF>ES</UF><CEP>29140261</CEP></enderEmit><IE>082154309</IE><CRT>3</CRT></emit><det nItem="1"><prod><cProd>99811</cProd><cEAN>7896077069988</cEAN><xProd>BALA MASTIGAVEL BANANA</xProd><NCM>17049020</NCM><cBenef>ES200008</cBenef><CFOP>5102</CFOP><uCom>Un</uCom><qCom>1.0000</qCom><vUnCom>7.500</vUnCom><vProd>7.50</vProd><cEANTrib>7896077069988</cEANTrib><uTrib>UN</uTrib><qTrib>1.0000</qTrib><vUnTrib>7.500</vUnTrib><indTot>1</indTot></prod><imposto><vTotTrib>0.00</vTotTrib><ICMS><ICMS00><orig>0</orig><CST>00</CST><modBC>3</modBC><vBC>7.50</vBC><pICMS>17.00</pICMS><vICMS>1.28</vICMS></ICMS00></ICMS></imposto></det><total><ICMSTot><vBC>7.50</vBC><vICMS>1.28</vICMS><vICMSDeson>0.01</vICMSDeson><vFCP>0.00</vFCP><vBCST>0</vBCST><vST>0</vST><vFCPST>0</vFCPST><vFCPSTRet>0</vFCPSTRet><vProd>7.50</vProd><vFrete>0.00</vFrete><vSeg>0</vSeg><vDesc>0.00</vDesc><vII>0</vII><vIPI>0</vIPI><vIPIDevol>0</vIPIDevol><vPIS>0.00</vPIS><vCOFINS>0.00</vCOFINS><vOutro>0.00</vOutro><vNF>7.50</vNF><vTotTrib>0.00</vTotTrib></ICMSTot></total><transp><modFrete>9</modFrete></transp><pag><detPag><indPag>0</indPag><tPag>01</tPag><vPag>7.50</vPag></detPag></pag><infAdic><infCpl><![CDATA[08/10/24 17:02 - RV: 312005 - PDV: 102 - OPR: ESHYLLEN LUIZA SOUTO FRAGOSO |Valor Recebimento: R$20.00 |Valor do Troco: R$12.50]]></infCpl></infAdic><infRespTec><CNPJ>05800348000187</CNPJ><xContato>RAFAEL URBANO</xContato><email>rafael@linearsistemas.com.br</email><fone>3125113131</fone></infRespTec></infNFe></NFe>